"State","Year","Population.12-17","Population.12-20","Population.18-25","Population.26+","Rates.Pain Relievers Abuse Past Year.12-17","Rates.Pain Relievers Abuse Past Year.18-25","Rates.Pain Relievers Abuse Past Year.26+","Totals.Pain Relievers Abuse Past Year.12-17","Totals.Pain Relievers Abuse Past Year.18-25","Totals.Pain Relievers Abuse Past Year.26+","Rates.Alcohol.Abuse Past Year.12-17","Rates.Alcohol.Abuse Past Year.18-25","Rates.Alcohol.Abuse Past Year.26+","Rates.Alcohol.Binge Past Month.12-17","Rates.Alcohol.Binge Past Month.18-25","Rates.Alcohol.Binge Past Month.26+","Rates.Alcohol.Dependence Past Year.12-17","Rates.Alcohol.Dependence Past Year.18-25","Rates.Alcohol.Dependence Past Year.26+","Rates.Alcohol.In Minors.Abuse","Rates.Alcohol.In Minors.Use","Rates.Alcohol.Need Treatment Past Year.12-17","Rates.Alcohol.Need Treatment Past Year.18-25","Rates.Alcohol.Need Treatment Past Year.26+","Rates.Alcohol.Perceptions of Risk.12-17","Rates.Alcohol.Perceptions of Risk.18-25","Rates.Alcohol.Perceptions of Risk.26+","Rates.Alcohol.Use Past Month.12-17","Rates.Alcohol.Use Past Month.18-25","Rates.Alcohol.Use Past Month.26+","Rates.Illicit Drugs.Abuse Past Year.12-17","Rates.Illicit Drugs.Abuse Past Year.18-25","Rates.Illicit Drugs.Abuse Past Year.26+","Rates.Illicit Drugs.All Except Marijuana Used Past Month.12-17","Rates.Illicit Drugs.All Except Marijuana Used Past Month.18-25","Rates.Illicit Drugs.All Except Marijuana Used Past Month.26+","Rates.Illicit Drugs.Cocaine Used Past Year.12-17","Rates.Illicit Drugs.Cocaine Used Past Year.18-25","Rates.Illicit Drugs.Cocaine Used Past Year.26+","Rates.Illicit Drugs.Dependence Past Year.12-17","Rates.Illicit Drugs.Dependence Past Year.18-25","Rates.Illicit Drugs.Dependence Past Year.26+","Rates.Illicit Drugs.Need Treatment Past Year.12-17","Rates.Illicit Drugs.Need Treatment Past Year.18-25","Rates.Illicit Drugs.Need Treatment Past Year.26+","Rates.Illicit Drugs.Used Past Month.12-17","Rates.Illicit Drugs.Used Past Month.18-25","Rates.Illicit Drugs.Used Past Month.26+","Rates.Marijuana.New Users.12-17","Rates.Marijuana.New Users.18-25","Rates.Marijuana.New Users.26+","Rates.Marijuana.Perceptions of Risk.12-17","Rates.Marijuana.Perceptions of Risk.18-25","Rates.Marijuana.Perceptions of Risk.26+","Rates.Marijuana.Used Past Month.12-17","Rates.Marijuana.Used Past Month.18-25","Rates.Marijuana.Used Past Month.26+","Rates.Marijuana.Used Past Year.12-17","Rates.Marijuana.Used Past Year.18-25","Rates.Marijuana.Used Past Year.26+","Rates.Tobacco.Cigarette Past Month.12-17","Rates.Tobacco.Cigarette Past Month.18-25","Rates.Tobacco.Cigarette Past Month.26+","Rates.Tobacco.Perceptions of Risk.12-17","Rates.Tobacco.Perceptions of Risk.18-25","Rates.Tobacco.Perceptions of Risk.26+","Rates.Tobacco.Use Past Month.12-17","Rates.Tobacco.Use Past Month.18-25","Rates.Tobacco.Use Past Month.26+","Totals.Alcohol.Abuse Past Year.12-17","Totals.Alcohol.Abuse Past Year.18-25","Totals.Alcohol.Abuse Past Year.26+","Totals.Alcohol.Binge Past Month.12-17","Totals.Alcohol.Binge Past Month.18-25","Totals.Alcohol.Binge Past Month.26+","Totals.Alcohol.Dependence Past Year.12-17","Totals.Alcohol.Dependence Past Year.18-25","Totals.Alcohol.Dependence Past Year.26+","Totals.Alcohol.In Minors.Abuse","Totals.Alcohol.In Minors.Use","Totals.Alcohol.Need Treatment Past Year.12-17","Totals.Alcohol.Need Treatment Past Year.18-25","Totals.Alcohol.Need Treatment Past Year.26+","Totals.Alcohol.Perceptions of Risk.12-17","Totals.Alcohol.Perceptions of Risk.18-25","Totals.Alcohol.Perceptions of Risk.26+","Totals.Alcohol.Use Past Month.12-17","Totals.Alcohol.Use Past Month.18-25","Totals.Alcohol.Use Past Month.26+","Totals.Illicit Drugs.Abuse Past Year.12-17","Totals.Illicit Drugs.Abuse Past Year.18-25","Totals.Illicit Drugs.Abuse Past Year.26+","Totals.Illicit Drugs.All Except Marijuana Used Past Month.12-17","Totals.Illicit Drugs.All Except Marijuana Used Past Month.18-25","Totals.Illicit Drugs.All Except Marijuana Used Past Month.26+","Totals.Illicit Drugs.Cocaine Used Past Year.12-17","Totals.Illicit Drugs.Cocaine Used Past Year.18-25","Totals.Illicit Drugs.Cocaine Used Past Year.26+","Totals.Illicit Drugs.Dependence Past Year.12-17","Totals.Illicit Drugs.Dependence Past Year.18-25","Totals.Illicit Drugs.Dependence Past Year.26+","Totals.Illicit Drugs.Need Treatment Past Year.12-17","Totals.Illicit Drugs.Need Treatment Past Year.18-25","Totals.Illicit Drugs.Need Treatment Past Year.26+","Totals.Illicit Drugs.Used Past Month.12-17","Totals.Illicit Drugs.Used Past Month.18-25","Totals.Illicit Drugs.Used Past Month.26+","Totals.Marijuana.New Users.12-17","Totals.Marijuana.New Users.18-25","Totals.Marijuana.New Users.26+","Totals.Marijuana.Perceptions of Risk.12-17","Totals.Marijuana.Perceptions of Risk.18-25","Totals.Marijuana.Perceptions of Risk.26+","Totals.Marijuana.Used Past Month.12-17","Totals.Marijuana.Used Past Month.18-25","Totals.Marijuana.Used Past Month.26+","Totals.Marijuana.Used Past Year.12-17","Totals.Marijuana.Used Past Year.18-25","Totals.Marijuana.Used Past Year.26+","Totals.Tobacco.Cigarette Past Month.12-17","Totals.Tobacco.Cigarette Past Month.18-25","Totals.Tobacco.Cigarette Past Month.26+","Totals.Tobacco.Perceptions of Risk.12-17","Totals.Tobacco.Perceptions of Risk.18-25","Totals.Tobacco.Perceptions of Risk.26+","Totals.Tobacco.Use Past Month.12-17","Totals.Tobacco.Use Past Month.18-25","Totals.Tobacco.Use Past Month.26+"
"Alabama","2014","383539","581887","543988","3119427","5.48","10.85","3.78","2100","5900","11800","2.87","10.48","5.26","6.0","32.72","21.48","1.04","4.6","2.95","12.55","18.73","2.61","10.48","5.03","42.5","35.48","44.98","10.43","50.55","47.7","2.87","5.88","2.02","3.65","7.72","2.89","0.52","3.13","0.99","1.56","4.41","1.51","2.87","5.7","1.76","7.82","18.02","6.32","4.43","3.31","0.1","31.03","20.22","39.3","4.95","14.89","4.04","9.91","26.65","7.08","5.74","33.82","26.9","62.58","61.4","68.63","8.34","42.65","32.41","1100","5700","16400","2300","17800","67000","400","2500","9200","7300","10900","1000","5700","15700","16300","19300","140300","4000","27500","148800","1100","3200","6300","1400","4200","9000","200","1700","3099","600","2400","4700","1100","3100","5500","3000","9800","19700","1699","1799","300","11900","10999","122600","1899","8100","12600","3799","14500","22100","2200","18400","83900","24000","33400","214100","3200","23200","101100"
"Alaska","2014","59382","88028","87646","430870","5.05","9.13","3.48","299","800","1500","1.68","12.55","6.27","5.05","36.51","22.51","0.0","5.7","3.02","13.63","22.72","1.68","12.55","5.8","35.36","27.38","41.78","10.1","57.05","59.65","3.37","7.99","2.09","3.37","6.85","2.79","0.0","3.42","1.16","1.68","5.7","1.39","3.37","7.99","1.86","10.1","22.82","11.6","5.05","3.42","0.23","16.84","10.27","20.19","10.1","20.54","10.44","16.84","34.23","16.94","6.74","31.95","22.05","58.94","58.19","70.09","10.1","38.79","29.94","100","1099","2700","299","3200","9700","0","499","1300","1200","2000","100","1099","2500","2100","2400","18000","599","5000","25700","200","700","900","200","600","1200","0","300","500","100","499","600","200","700","800","599","1999","5000","299","300","100","1000","900","8700","599","1800","4500","1000","3000","7300","400","2800","9500","3500","5100","30200","599","3400","12900"
"Arizona","2014","548227","824776","760569","4238637","5.11","8.15","3.99","2800","6200","16900","3.28","12.62","7.17","6.38","35.63","23.03","1.09","5.52","3.33","12.85","21.58","3.1","11.96","6.49","38.12","30.63","42.16","11.86","55.88","55.61","4.38","7.23","2.29","3.65","6.71","3.56","0.91","6.05","1.7","2.01","4.47","1.37","4.01","6.71","1.96","10.4","22.61","9.08","5.29","3.68","0.12","20.06","13.02","28.66","8.21","19.33","6.87","14.96","30.37","10.36","4.92","26.69","18.87","60.19","64.82","71.63","6.75","31.56","22.18","1800","9600","30399","3500","27100","97600","600","4200","14099","10599","17799","1700","9100","27500","20900","23300","178699","6500","42500","235700","2400","5500","9700","2000","5100","15100","500","4600","7200","1100","3400","5799","2200","5100","8300","5700","17200","38499","2900","2800","500","11000","9900","121500","4500","14699","29100","8200","23100","43900","2700","20300","80000","33000","49300","303600","3700","24000","94000"
"Arkansas","2014","237739","357677","326239","1888773","6.31","9.5","3.49","1500","3100","6600","2.52","10.12","4.71","5.89","35.86","19.85","0.84","4.9","2.54","11.74","17.33","2.52","10.12","4.61","37.86","32.49","40.24","9.67","53.95","44.26","3.37","5.82","1.64","4.21","6.13","3.18","0.42","2.45","0.74","2.1","4.29","1.22","3.37","5.82","1.43","9.25","18.39","7.04","5.05","3.37","0.11","27.76","17.17","35.58","6.31","15.94","5.14","12.62","26.05","8.58","7.15","33.41","30.18","59.73","61.61","66.18","10.94","42.61","37.22","600","3300","8900","1400","11700","37500","200","1600","4800","4200","6200","600","3300","8700","9000","10600","76000","2299","17600","83600","800","1900","3100","1000","2000","6000","100","800","1400","500","1400","2300","800","1900","2700","2200","5999","13300","1200","1100","200","6599","5600","67200","1500","5200","9700","3000","8500","16200","1700","10900","56999","14200","20100","125000","2600","13900","70300"
"California","2014","3116068","4716130","4577657","24386075","4.81","7.84","3.56","15000","35899","86800","2.73","12.71","5.99","6.32","35.76","21.9","1.03","6.53","3.0","14.89","24.26","2.7","12.43","5.65","39.41","35.56","46.5","11.87","56.3","54.36","4.01","7.34","1.7","3.75","6.71","3.6","0.9","5.96","1.57","1.99","5.44","1.3","3.82","6.62","1.51","10.27","23.13","9.4","5.3","4.26","0.16","19.83","14.02","30.39","8.63","20.56","7.11","14.86","32.9","10.92","3.63","23.44","15.16","65.92","69.53","78.27","4.94","26.98","18.42","8500","58199","146000","19700","163700","534000","3200","29900","73100","70200","114400","8400","56900","137700","122800","162800","1133900","37000","257699","1325700","12500","33600","41500","11700","30700","87800","2800","27300","38200","6200","24900","31600","11900","30300","36900","32000","105900","229200","16499","19500","3800","61800","64200","741000","26900","94099","173300","46300","150600","266400","11300","107300","369600","205400","318300","1908700","15400","123499","449300"
"Colorado","2014","413168","625453","598953","3404374","5.57","9.02","4.11","2300","5400","14000","3.39","13.52","6.87","6.78","39.9","25.09","1.21","5.34","3.05","15.67","26.7","3.15","12.69","6.32","34.61","25.04","38.39","14.04","64.78","66.12","4.36","7.51","1.88","3.39","7.51","3.67","0.97","7.01","1.97","2.18","5.18","1.29","4.11","7.01","1.59","14.52","32.56","14.19","6.78","3.67","0.15","16.94","8.01","19.74","12.34","30.05","12.43","20.57","42.24","16.77","6.05","31.22","19.24","62.93","64.11","74.76","8.96","39.24","25.14","1400","8100","23400","2800","23900","85400","500","3200","10400","9800","16700","1300","7600","21500","14299","15000","130699","5800","38800","225100","1800","4500","6399","1400","4500","12500","400","4200","6700","900","3099","4400","1700","4200","5400","6000","19500","48300","2800","2200","500","7000","4800","67200","5100","18000","42300","8500","25300","57100","2499","18700","65500","26000","38400","254500","3699","23500","85600"
"Connecticut","2014","293039","453834","379700","2380078","4.1","8.69","2.94","1200","3300","7000","2.73","14.22","6.05","6.14","42.4","22.65","1.02","6.06","2.69","15.42","24.9","2.73","13.7","5.84","38.56","30.81","42.23","12.63","65.84","64.75","3.07","9.22","1.85","2.73","6.32","2.65","0.68","6.58","1.64","1.71","7.37","1.43","3.07","7.64","1.55","9.21","24.49","7.65","6.48","4.48","0.13","21.16","11.85","28.07","7.85","22.65","6.34","15.36","38.98","9.83","4.44","29.76","16.43","66.2","70.06","76.76","6.83","35.82","20.59","800","5400","14400","1799","16100","53900","300","2300","6399","7000","11300","800","5200","13900","11300","11700","100500","3699","25000","154100","899","3500","4400","800","2400","6300","200","2500","3899","499","2800","3400","899","2899","3700","2699","9300","18200","1899","1700","300","6200","4500","66800","2300","8600","15099","4500","14799","23400","1300","11300","39100","19400","26600","182700","1999","13600","49000"
"Delaware","2014","70001","107460","103430","612395","4.29","9.67","3.43","300","1000","2100","2.86","13.54","5.23","5.71","39.64","21.88","1.43","4.83","2.61","13.96","22.33","2.86","13.54","4.9","38.57","31.91","40.01","10.0","61.88","60.42","2.86","9.67","2.45","2.86","8.7","2.94","0.0","4.83","1.47","1.43","7.73","1.96","2.86","7.73","1.8","10.0","25.14","8.16","5.71","3.87","0.16","22.86","11.6","29.23","8.57","20.3","6.04","14.29","37.71","9.8","5.71","33.84","23.84","62.86","68.65","73.32","8.57","39.64","28.58","200","1400","3200","400","4099","13400","100","500","1600","1500","2400","200","1400","3000","2700","3300","24500","700","6400","37000","200","1000","1500","200","900","1800","0","500","900","100","800","1200","200","800","1100","700","2600","5000","400","400","100","1600","1200","17900","600","2100","3700","1000","3900","6000","400","3500","14600","4400","7100","44900","600","4099","17500"
"District of Columbia","2014","34895","69914","100358","431607","2.87","6.98","3.48","100","700","1500","2.87","13.95","9.27","5.73","45.84","33.13","0.0","5.98","4.17","12.87","21.45","2.87","13.95","8.8","40.12","30.89","42.17","11.46","67.76","71.59","2.87","6.98","2.55","2.87","4.98","4.87","0.0","4.98","3.24","2.87","4.98","2.32","2.87","6.98","2.32","11.46","23.91","13.21","5.73","3.99","0.23","14.33","7.97","20.16","8.6","22.92","10.19","17.19","37.86","17.84","2.87","25.91","23.17","51.58","67.76","77.85","5.73","30.89","27.57","100","1400","4000","200","4600","14300","0","600","1799","900","1500","100","1400","3800","1400","3100","18200","400","6800","30900","100","700","1100","100","500","2100","0","500","1400","100","500","1000","100","700","1000","400","2400","5700","200","400","100","500","800","8700","300","2300","4400","600","3800","7700","100","2600","10000","1800","6800","33600","200","3100","11900"
"Florida","2014","1410558","2121318","2053258","13492794","4.32","7.01","2.69","6100","14399","36300","2.76","10.42","5.6","5.53","32.39","20.48","0.92","4.38","2.68","11.6","21.68","2.69","10.52","5.36","40.83","35.85","44.57","12.05","56.25","56.27","4.11","6.62","1.6","2.91","7.35","2.42","0.71","5.36","1.56","2.27","5.02","1.16","3.97","6.09","1.4","9.0","22.4","7.14","5.18","3.7","0.12","25.03","15.05","33.91","7.37","19.58","5.66","13.9","32.44","8.36","4.32","26.01","21.26","70.61","68.18","74.78","6.52","31.8","24.59","3900","21400","75500","7800","66500","276300","1300","9000","36100","24599","45999","3800","21600","72300","57600","73600","601400","17000","115500","759199","5800","13600","21600","4099","15100","32700","1000","11000","21100","3200","10300","15600","5600","12500","18900","12700","46000","96400","7300","7600","1600","35300","30900","457500","10400","40200","76400","19599","66599","112800","6100","53400","286900","99600","140000","1009000","9200","65300","331800"
"Georgia","2014","842002","1261808","1137203","6265106","5.23","7.74","3.53","4400","8800","22100","2.38","11.52","5.67","5.34","31.57","20.81","0.95","5.72","2.87","11.97","20.05","2.14","10.64","5.47","43.94","37.55","46.58","10.57","52.41","52.59","3.33","7.03","2.09","3.68","5.28","3.1","0.48","2.9","1.29","1.9","4.66","1.53","3.21","6.33","1.74","8.31","19.17","8.08","4.51","3.43","0.11","26.37","16.97","34.65","6.06","17.15","6.22","11.16","27.08","8.95","4.28","26.56","21.58","66.39","66.57","73.87","6.89","35.0","26.29","2000","13100","35500","4500","35900","130400","800","6499","18000","15100","25300","1800","12100","34300","37000","42700","291800","8900","59600","329499","2800","8000","13100","3100","6000","19400","400","3300","8100","1600","5300","9600","2700","7200","10899","7000","21800","50599","3800","3900","700","22199","19299","217099","5100","19500","39000","9400","30799","56100","3600","30200","135200","55900","75700","462800","5800","39800","164700"
"Hawaii","2014","96264","144516","145661","902740","5.19","7.55","3.66","500","1100","3299","2.08","12.36","6.31","6.23","40.51","23.82","1.04","6.18","3.21","13.15","21.45","2.08","12.36","5.76","39.47","32.27","41.76","11.43","56.98","52.29","3.12","6.18","1.55","3.12","4.81","2.55","0.0","4.12","1.22","2.08","4.81","1.33","3.12","6.18","1.55","9.35","17.85","8.31","5.19","3.43","0.22","21.82","13.04","29.24","7.27","15.1","6.65","13.5","26.09","10.19","4.16","25.4","17.06","63.37","66.59","74.0","6.23","29.52","20.49","200","1800","5699","600","5900","21500","100","900","2900","1900","3100","200","1800","5200","3799","4700","37700","1100","8299","47199","300","900","1400","300","700","2300","0","599","1100","200","700","1200","300","900","1400","899","2600","7500","500","500","199","2100","1900","26399","700","2200","6000","1300","3800","9200","400","3699","15399","6100","9700","66800","600","4300","18500"
"Idaho","2014","142808","207028","176413","1000744","4.9","7.94","3.0","700","1400","3000","3.5","12.47","6.1","6.3","32.31","19.79","1.4","5.67","3.0","12.56","19.8","3.5","11.34","5.9","36.41","31.74","42.37","10.5","49.32","51.76","3.5","5.67","1.6","2.8","5.1","2.2","0.7","2.83","0.7","2.1","3.97","1.1","3.5","5.1","1.4","8.4","15.87","6.2","5.6","3.97","0.1","25.91","14.17","29.28","6.3","14.17","5.0","14.0","26.64","8.49","6.3","27.78","21.18","63.72","64.05","70.45","8.4","34.58","25.18","499","2200","6100","900","5700","19799","200","999","3000","2600","4100","499","1999","5900","5200","5600","42399","1500","8700","51800","499","999","1600","400","899","2200","100","499","700","300","700","1100","499","899","1400","1200","2800","6200","800","700","100","3700","2500","29300","900","2500","5000","1999","4700","8500","900","4900","21199","9099","11300","70500","1200","6100","25200"
"Illinois","2014","1032686","1553103","1417233","8278030","3.87","7.48","2.85","4000","10600","23600","2.23","12.91","5.48","5.52","40.29","26.6","0.97","5.93","2.71","14.23","22.86","2.23","12.28","5.3","38.54","30.83","40.11","11.04","60.47","60.26","3.39","6.91","1.62","2.71","6.7","2.4","0.58","4.45","1.4","1.74","4.87","1.24","3.39","6.35","1.47","8.52","22.16","7.51","4.36","4.09","0.12","23.14","13.41","29.85","6.78","19.33","5.75","12.1","30.62","9.01","4.94","31.12","22.54","64.49","62.94","71.89","6.68","36.2","25.8","2300","18300","45400","5700","57100","220200","1000","8400","22400","22100","35500","2300","17400","43900","39799","43700","332000","11400","85699","498800","3500","9799","13400","2800","9500","19900","600","6300","11600","1800","6900","10300","3500","9000","12200","8800","31400","62199","4500","5800","1000","23900","19000","247100","7000","27400","47600","12499","43400","74600","5100","44100","186600","66599","89200","595100","6900","51300","213600"
"Indiana","2014","542754","836662","753537","4171654","4.97","9.42","3.4","2700","7100","14200","2.95","13.01","5.99","6.26","38.75","20.57","1.11","6.1","3.0","13.51","21.87","2.58","12.08","5.8","37.77","28.66","39.89","11.42","60.65","54.25","2.95","8.1","1.85","2.95","6.64","2.49","0.37","3.72","0.84","1.84","5.71","1.32","2.95","7.17","1.49","8.48","22.03","6.83","4.79","4.51","0.12","25.06","11.94","28.57","6.45","19.91","5.37","12.53","35.03","8.85","6.63","34.11","25.39","63.93","63.43","70.09","9.03","42.47","30.01","1600","9799","25000","3400","29200","85800","600","4600","12500","11300","18300","1400","9100","24200","20500","21600","166400","6200","45700","226300","1600","6099","7700","1600","5000","10400","200","2799","3500","999","4300","5500","1600","5400","6200","4600","16600","28500","2600","3400","500","13600","9000","119200","3500","14999","22400","6800","26400","36900","3600","25700","105900","34700","47800","292400","4900","32000","125200"
"Iowa","2014","246872","392951","355842","1982120","4.05","7.31","2.93","1000","2600","5800","2.43","13.77","5.3","6.48","46.65","23.81","1.22","5.34","2.62","17.81","26.47","2.43","12.93","5.15","35.24","27.26","37.03","10.53","67.73","59.43","2.84","6.18","1.36","2.84","5.9","2.12","0.41","3.93","0.91","1.62","4.22","1.06","2.84","5.9","1.26","6.08","15.74","4.59","4.46","4.22","0.15","25.92","14.33","30.62","5.27","13.77","3.38","9.72","28.95","6.26","6.48","32.6","22.9","64.0","62.11","68.26","9.32","40.47","27.34","600","4900","10500","1600","16600","47200","300","1900","5200","7000","10399","600","4600","10199","8700","9699","73400","2600","24100","117800","700","2200","2700","700","2099","4200","100","1400","1800","400","1500","2100","700","2099","2500","1500","5600","9100","1100","1500","300","6400","5100","60700","1300","4900","6700","2400","10300","12400","1600","11599","45400","15799","22100","135300","2300","14400","54200"
"Kansas","2014","238611","368392","329920","1789097","4.61","8.49","3.47","1100","2800","6199","2.93","13.64","6.82","6.71","40.01","23.08","1.26","5.46","3.19","13.84","21.17","2.51","13.03","6.54","34.78","26.37","38.62","11.32","60.62","58.02","3.35","5.76","1.57","3.35","6.67","2.68","0.84","3.64","1.01","1.68","3.94","1.17","2.93","5.46","1.29","7.54","17.28","6.32","4.61","3.94","0.11","22.21","11.82","26.33","5.87","14.85","4.81","11.73","28.19","7.71","5.45","29.4","22.8","62.03","61.53","69.31","8.8","40.62","27.33","700","4500","12200","1600","13200","41300","300","1800","5699","5100","7800","600","4300","11700","8299","8700","69100","2700","20000","103800","800","1899","2800","800","2200","4800","200","1200","1800","400","1299","2100","700","1800","2300","1800","5700","11300","1100","1299","199","5300","3899","47099","1400","4900","8600","2800","9299","13800","1300","9700","40800","14800","20300","124000","2100","13399","48900"
"Kentucky","2014","342295","517896","481298","2842375","4.38","8.93","3.31","1499","4300","9400","2.34","11.64","4.86","4.97","33.66","18.82","0.88","4.57","2.39","12.94","19.7","2.34","11.43","4.82","37.69","32.2","42.01","9.06","53.81","44.26","2.92","6.44","1.94","2.63","6.86","2.57","0.58","4.16","1.23","1.75","4.57","1.55","2.63","5.61","1.62","7.01","18.7","6.72","4.09","3.32","0.11","28.05","15.17","32.47","5.55","17.04","5.07","10.23","27.43","8.13","8.18","36.36","29.76","60.47","55.89","63.36","10.81","44.46","34.83","800","5600","13800","1700","16200","53500","300","2200","6800","6700","10200","800","5500","13700","12900","15499","119400","3100","25900","125800","1000","3100","5500","900","3300","7300","200","1999","3499","600","2200","4400","900","2700","4600","2400","9000","19100","1400","1600","299","9600","7300","92299","1899","8199","14400","3500","13200","23099","2800","17500","84599","20700","26900","180100","3700","21400","99000"
"Louisiana","2014","367655","552899","538000","2919227","5.17","8.55","3.84","1900","4600","11199","2.72","9.85","5.69","6.8","32.71","24.01","0.82","5.39","3.01","15.37","24.06","2.18","10.22","5.45","40.53","36.8","43.74","12.24","54.09","52.21","3.54","6.69","2.16","3.81","6.32","3.08","0.54","2.97","1.51","1.9","4.28","1.44","3.26","6.32","1.71","8.43","17.29","6.82","4.9","3.9","0.14","28.29","17.47","35.04","5.44","15.43","4.38","11.7","26.58","8.19","7.07","33.09","25.18","63.37","62.83","70.53","9.79","39.41","30.01","1000","5300","16600","2500","17600","70100","300","2900","8800","8500","13300","800","5500","15900","14899","19800","127700","4500","29100","152400","1300","3599","6300","1400","3399","9000","200","1600","4400","700","2300","4200","1200","3399","5000","3099","9300","19900","1800","2100","400","10400","9400","102300","2000","8300","12800","4300","14300","23899","2600","17800","73500","23300","33800","205900","3600","21200","87600"
"Maine","2014","95607","145182","126649","926336","4.18","7.11","2.48","400","900","2300","3.14","13.42","4.97","6.28","42.64","21.59","1.05","4.74","2.59","15.15","24.8","2.09","12.63","4.97","34.52","27.64","36.06","11.51","67.11","62.94","3.14","7.9","1.84","3.14","7.11","2.27","0.0","4.74","1.08","2.09","6.32","1.3","3.14","7.11","1.51","10.46","29.21","11.66","5.23","5.53","0.11","19.87","7.9","20.51","9.41","28.43","10.8","16.74","42.64","16.73","6.28","30.79","22.56","62.76","64.75","69.31","8.37","41.06","26.02","300","1700","4600","600","5400","20000","100","600","2400","2200","3600","200","1600","4600","3300","3500","33400","1100","8500","58299","300","1000","1700","300","900","2100","0","600","1000","200","800","1200","300","900","1400","1000","3700","10800","500","700","100","1900","1000","19000","899","3600","10000","1600","5400","15499","600","3900","20900","6000","8199","64200","800","5200","24100"
"Maryland","2014","462866","697070","640523","3875759","4.54","9.06","3.74","2100","5800","14500","2.59","11.71","6.27","6.05","34.5","22.5","0.86","5.15","2.97","12.05","21.66","2.59","11.71","5.78","42.13","37.16","42.39","12.31","62.29","62.62","3.67","8.12","1.83","3.67","6.09","3.04","0.43","3.59","1.08","2.16","5.62","1.47","3.46","7.34","1.55","10.59","25.14","8.39","5.4","4.06","0.13","23.33","13.27","29.39","7.99","23.11","6.22","14.69","35.75","9.6","4.1","25.6","18.68","66.76","66.35","75.13","5.83","32.16","22.01","1200","7500","24300","2800","22100","87200","400","3299","11500","8400","15100","1200","7500","22400","19500","23800","164300","5700","39900","242699","1700","5200","7099","1700","3900","11800","200","2300","4200","1000","3600","5700","1600","4700","6000","4900","16099","32500","2500","2600","500","10800","8500","113899","3700","14800","24099","6800","22900","37200","1900","16400","72400","30900","42500","291200","2700","20600","85300"
"Massachusetts","2014","512789","829413","793327","4465228","3.51","7.44","2.75","1799","5900","12300","2.93","14.12","5.71","6.63","43.24","22.66","0.98","5.17","2.55","16.88","29.06","2.93","13.49","5.35","34.52","27.48","40.42","12.68","69.2","66.11","3.51","8.19","2.02","2.34","6.05","2.22","0.59","6.18","1.84","1.76","5.8","1.5","3.32","7.44","1.79","9.17","30.63","10.5","5.27","4.66","0.13","19.11","8.32","21.68","8.39","28.36","9.09","14.82","42.1","12.97","4.49","27.1","17.09","63.38","67.31","74.58","6.24","33.91","20.85","1500","11200","25500","3399","34300","101200","500","4099","11400","14000","24100","1500","10700","23900","17700","21800","180500","6500","54900","295200","1799","6500","9000","1200","4800","9900","300","4900","8200","899","4600","6700","1699","5900","8000","4700","24300","46900","2700","3700","600","9800","6600","96800","4300","22500","40599","7600","33400","57899","2300","21500","76300","32499","53400","333000","3200","26900","93100"
"Michigan","2014","807012","1230515","1118834","6429372","4.58","9.21","3.0","3700","10300","19300","2.35","12.69","5.43","6.07","41.47","23.98","0.99","5.99","2.78","14.22","23.57","2.35","12.33","5.27","35.07","31.37","39.86","11.4","62.83","58.53","3.22","5.99","1.74","2.97","6.79","2.54","0.37","3.13","0.76","1.73","4.02","1.31","2.97","5.72","1.45","9.67","24.85","9.63","5.7","4.29","0.12","21.07","10.64","25.46","7.93","23.06","8.21","14.87","34.95","12.33","5.58","31.73","25.31","62.82","61.58","68.78","8.05","39.33","29.26","1899","14199","34900","4900","46400","154200","800","6700","17900","17500","29000","1899","13800","33900","28300","35100","256300","9200","70300","376299","2600","6700","11200","2400","7600","16300","300","3500","4900","1399","4500","8400","2400","6400","9300","7800","27800","61900","4600","4800","799","17000","11900","163700","6400","25800","52799","12000","39099","79300","4499","35500","162699","50700","68900","442200","6499","43999","188099"
"Minnesota","2014","426819","647424","578496","3523240","3.98","8.3","2.72","1700","4800","9600","2.34","13.31","5.62","5.15","41.83","23.44","0.94","5.01","2.5","14.36","23.63","2.34","12.79","5.39","36.55","24.72","36.44","10.54","63.96","63.72","2.81","6.57","1.62","2.81","6.4","2.21","0.47","3.63","0.94","1.64","4.15","1.28","2.58","5.88","1.48","7.73","21.95","6.93","4.22","3.46","0.11","22.49","10.89","24.1","6.79","19.53","5.34","11.71","32.5","8.94","5.39","30.77","20.92","63.26","63.61","70.99","7.5","39.41","26.59","999","7700","19800","2200","24200","82600","400","2899","8799","9300","15299","999","7400","19000","15600","14300","128400","4500","37000","224500","1200","3799","5700","1200","3700","7800","200","2100","3300","699","2400","4500","1100","3400","5200","3300","12700","24400","1800","2000","400","9600","6300","84900","2900","11300","18800","5000","18800","31499","2300","17800","73700","26999","36800","250100","3200","22800","93700"
"Mississippi","2014","247787","376360","344466","1861992","5.65","8.71","3.22","1400","3000","6000","2.42","9.87","5.42","4.84","31.06","19.5","0.81","5.23","2.9","11.96","19.93","2.02","9.58","5.37","41.97","41.22","48.12","9.69","51.67","44.15","3.23","6.39","1.93","4.84","6.39","3.33","0.4","1.74","0.91","2.02","4.35","1.4","2.83","5.81","1.66","9.28","18.58","6.5","4.44","3.19","0.11","28.25","22.35","41.41","5.65","16.26","3.92","10.49","24.97","6.28","6.86","35.71","28.41","57.71","60.38","67.72","10.09","43.26","34.75","600","3399","10100","1200","10700","36300","200","1800","5400","4500","7500","499","3300","10000","10400","14200","89600","2400","17800","82200","800","2200","3600","1200","2200","6199","100","599","1700","499","1500","2600","700","1999","3099","2300","6400","12100","1100","1100","200","7000","7700","77100","1400","5600","7300","2600","8600","11699","1700","12300","52899","14300","20800","126099","2500","14899","64700"
"Missouri","2014","473096","720943","669512","3906097","4.44","9.11","3.07","2100","6100","12000","2.75","12.7","5.68","6.76","40.48","24.53","1.06","5.08","2.61","14.29","21.36","2.54","12.25","5.56","36.78","29.72","35.69","10.78","58.85","53.97","2.96","7.47","1.66","2.75","7.02","2.2","0.42","3.29","0.84","1.9","5.97","1.31","2.75","6.72","1.38","7.82","22.85","7.04","4.86","4.03","0.13","23.67","11.65","28.21","6.34","21.21","5.84","12.47","32.71","9.27","8.03","38.24","28.6","59.61","57.65","65.21","10.57","45.41","33.56","1300","8500","22200","3200","27100","95800","499","3400","10200","10300","15400","1200","8200","21700","17400","19900","139400","5100","39400","210800","1400","5000","6500","1300","4700","8600","200","2200","3300","900","4000","5100","1300","4500","5400","3700","15299","27500","2300","2700","500","11200","7800","110199","3000","14200","22799","5899","21900","36200","3800","25600","111700","28200","38599","254699","5000","30400","131100"
"Montana","2014","75220","117385","112357","669326","3.99","7.12","2.54","299","800","1700","3.99","15.13","6.72","6.65","41.83","23.16","1.33","6.23","3.14","16.19","23.85","2.66","14.24","6.13","37.22","24.92","36.16","10.64","64.08","62.45","2.66","6.23","1.34","2.66","5.34","1.64","0.0","3.56","0.9","1.33","4.45","1.05","2.66","6.23","1.2","9.31","22.25","9.41","3.99","3.56","0.15","22.6","9.79","25.85","7.98","20.47","8.52","13.29","29.37","11.5","6.65","30.26","21.81","63.81","61.41","72.01","9.31","40.94","28.54","299","1699","4500","500","4700","15500","100","700","2100","1899","2800","200","1600","4099","2800","2800","24200","800","7200","41800","200","700","900","200","600","1100","0","400","600","100","500","700","200","700","800","700","2500","6300","299","400","100","1700","1100","17300","599","2300","5700","1000","3300","7699","500","3399","14600","4799","6899","48200","700","4600","19100"
"Nebraska","2014","151114","236399","212257","1171431","3.97","8.01","2.82","600","1699","3299","2.65","15.55","6.66","5.96","42.87","22.96","1.32","7.07","3.16","14.81","21.57","2.65","14.6","6.4","37.06","28.74","40.21","10.59","64.07","61.8","3.31","6.6","1.54","2.65","4.71","1.79","0.66","3.3","0.85","1.99","5.18","1.11","3.31","5.65","1.37","7.28","17.43","4.87","3.97","3.3","0.09","24.48","13.66","29.62","5.29","16.02","3.93","11.25","28.74","6.83","5.96","30.62","23.56","64.19","60.3","66.24","8.6","41.46","27.91","400","3300","7800","900","9100","26900","200","1500","3700","3499","5100","400","3100","7500","5599","6100","47100","1600","13599","72400","499","1400","1800","400","1000","2100","100","700","1000","300","1100","1300","499","1200","1600","1100","3700","5700","600","700","100","3700","2900","34700","800","3399","4600","1700","6100","8000","900","6500","27600","9700","12800","77600","1300","8800","32700"
"Nevada","2014","219584","316619","299279","1830575","5.46","8.35","3.71","1200","2500","6800","3.19","12.03","6.34","6.83","35.75","24.47","0.91","5.68","3.06","15.48","25.58","3.19","11.69","5.9","38.71","34.42","44.08","13.66","56.13","58.94","4.1","6.68","1.8","3.64","5.68","2.62","0.91","4.01","1.31","2.28","5.01","1.31","3.64","6.35","1.58","9.56","19.05","7.87","5.01","4.01","0.16","19.58","13.37","29.44","8.2","17.38","6.12","14.57","30.07","9.94","5.46","29.07","23.98","62.39","63.15","71.62","7.74","33.41","27.42","700","3600","11600","1500","10700","44800","200","1700","5600","4900","8100","700","3499","10800","8500","10300","80700","3000","16800","107900","900","1999","3300","800","1700","4800","200","1200","2400","500","1500","2400","800","1900","2900","2100","5700","14400","1100","1200","300","4300","3999","53900","1800","5200","11200","3200","9000","18199","1200","8700","43900","13700","18900","131100","1700","10000","50200"
"New Hampshire","2014","102171","161890","140380","900165","4.89","9.97","3.33","500","1400","2999","3.92","17.1","6.55","6.85","46.3","23.33","0.98","7.12","3.22","19.15","30.27","2.94","16.38","6.22","32.3","22.08","36.22","14.68","71.24","68.88","3.92","8.55","1.78","2.94","11.4","2.56","0.98","8.55","1.67","1.96","5.7","1.33","3.92","7.12","1.44","10.77","32.06","9.78","5.87","4.99","0.11","18.6","5.7","16.44","9.79","29.92","8.78","17.62","44.88","12.55","6.85","32.77","18.89","65.58","66.96","74.32","8.81","42.03","23.33","400","2400","5900","700","6500","21000","100","1000","2899","3100","4899","300","2300","5600","3300","3100","32599","1500","10000","61999","400","1200","1599","300","1600","2300","100","1200","1499","200","800","1200","400","1000","1300","1100","4500","8800","600","700","99","1900","800","14799","1000","4200","7900","1799","6300","11300","700","4600","17000","6700","9400","66900","899","5900","21000"
"New Jersey","2014","702793","1038589","902620","5900260","3.84","7.76","2.83","2700","7000","16700","3.27","11.74","6.05","7.97","37.78","21.95","1.0","4.76","2.71","15.5","25.03","3.27","11.63","5.63","37.85","33.68","42.85","14.23","59.94","61.52","3.13","7.09","1.56","2.56","6.2","2.22","0.43","3.99","1.02","1.57","4.87","1.31","2.99","6.43","1.39","7.97","18.94","6.27","4.98","4.1","0.14","22.91","13.29","31.56","6.4","16.4","4.75","12.81","29.69","8.22","4.84","25.48","18.19","66.45","69.58","77.23","7.11","31.02","21.74","2300","10600","35700","5600","34100","129500","700","4300","15999","16100","26000","2300","10500","33200","26600","30399","252800","10000","54100","363000","2200","6400","9200","1800","5600","13100","300","3600","5999","1100","4400","7700","2100","5800","8200","5600","17100","37000","3500","3700","800","16100","11999","186200","4500","14800","28000","9000","26799","48500","3399","22999","107300","46699","62800","455700","5000","28000","128300"
"New Mexico","2014","166496","252683","233108","1310871","5.41","7.72","3.74","900","1799","4900","2.4","12.87","6.41","6.01","36.46","24.49","1.2","5.58","3.28","13.06","19.0","2.4","12.01","6.1","39.64","38.61","46.53","9.61","54.91","52.33","4.2","6.01","2.36","3.6","6.01","2.98","0.6","6.01","1.68","1.8","3.86","1.53","3.6","5.58","1.91","10.21","21.02","9.31","5.41","3.0","0.15","21.62","14.59","29.83","7.81","18.88","8.09","16.22","30.89","12.82","5.41","33.46","22.05","59.46","62.2","73.0","7.81","39.04","26.39","400","3000","8400","999","8500","32099","200","1299","4300","3300","4800","400","2800","8000","6600","9000","61000","1600","12800","68600","700","1400","3100","600","1400","3900","100","1400","2200","300","899","2000","600","1299","2500","1699","4900","12200","900","700","200","3600","3400","39100","1300","4400","10600","2700","7199","16800","900","7800","28899","9900","14500","95700","1300","9100","34600"
"New York","2014","1473827","2299326","2300335","12929535","3.8","7.0","2.89","5600","16100","37400","2.65","11.61","6.15","6.58","36.99","23.38","1.02","5.43","3.14","13.35","23.27","2.44","10.95","5.62","39.08","33.47","42.38","12.55","59.51","60.32","3.19","6.91","2.15","2.92","6.0","2.98","0.68","5.22","1.93","1.63","5.17","1.79","2.99","6.09","1.83","9.23","21.48","8.57","4.89","4.04","0.16","20.83","12.52","30.5","7.6","19.04","6.73","13.64","31.65","11.16","4.27","25.56","20.43","65.61","68.56","77.09","5.77","30.34","24.12","3900","26699","79500","9700","85100","302300","1499","12500","40600","30700","53499","3600","25200","72600","57600","77000","547900","18500","136900","779900","4700","15899","27800","4300","13799","38500","1000","12000","25000","2400","11900","23200","4400","14000","23700","13600","49400","110800","7200","9300","2100","30699","28800","394300","11200","43800","87000","20100","72800","144300","6299","58800","264199","96700","157700","996800","8500","69800","311800"
"North Carolina","2014","778618","1181531","1069413","6348726","4.75","8.79","3.43","3700","9400","21800","2.57","12.06","5.54","5.52","32.35","19.97","0.9","4.77","2.8","10.83","17.18","2.31","11.78","5.23","39.94","35.81","43.06","10.02","54.42","50.07","3.6","7.01","1.98","3.47","7.2","2.71","0.51","3.93","1.12","1.8","4.3","1.31","3.34","6.64","1.65","8.6","18.89","6.85","4.75","3.55","0.11","22.99","14.59","31.99","6.42","15.99","5.13","12.59","28.71","9.14","5.52","28.43","22.18","64.6","63.21","71.04","7.32","35.25","26.04","1999","12900","35200","4300","34600","126800","700","5100","17800","12800","20300","1800","12600","33199","31100","38300","273400","7800","58200","317899","2800","7500","12600","2700","7700","17200","400","4200","7100","1400","4600","8299","2600","7099","10500","6700","20200","43500","3700","3800","700","17900","15600","203099","5000","17100","32600","9800","30700","58000","4300","30400","140800","50299","67600","451000","5700","37700","165300"
"North Dakota","2014","52960","92230","104017","450211","3.78","6.73","2.89","200","700","1300","3.78","14.42","6.66","7.55","47.11","25.77","1.89","6.73","3.11","18.43","26.02","3.78","14.42","6.22","33.99","24.03","36.21","11.33","67.3","61.53","1.89","5.77","1.33","1.89","5.77","2.22","0.0","2.88","0.89","1.89","3.85","1.11","1.89","4.81","1.33","5.66","15.38","5.33","3.78","3.85","0.22","26.44","12.5","26.88","5.66","13.46","4.0","9.44","25.96","6.44","7.55","33.65","24.21","60.42","59.61","65.08","9.44","43.26","28.88","200","1500","3000","400","4900","11599","100","700","1400","1700","2400","200","1500","2800","1800","2500","16300","600","7000","27700","100","600","600","100","600","999","0","300","400","100","399","499","100","499","600","300","1599","2400","200","399","100","1400","1300","12099","300","1400","1799","500","2699","2899","400","3500","10900","3200","6200","29300","500","4500","13000"
"Ohio","2014","926664","1394472","1252724","7541220","4.86","9.1","3.81","4500","11400","28700","2.7","12.77","6.1","6.26","40.95","24.86","0.97","4.95","3.05","15.56","24.02","2.59","12.37","5.83","36.8","28.34","37.9","11.01","61.15","57.66","3.02","7.1","1.98","3.13","6.71","2.47","0.43","3.75","1.1","1.83","5.43","1.56","2.91","6.39","1.62","8.2","20.2","6.86","4.42","4.15","0.11","24.6","11.65","26.36","6.04","17.64","5.24","11.33","30.41","8.42","6.37","32.97","27.06","64.42","61.07","66.43","9.28","41.91","31.93","2500","15999","46000","5799","51300","187500","900","6200","23000","21700","33500","2400","15499","44000","34100","35500","285800","10199","76600","434800","2800","8900","14899","2899","8400","18600","400","4700","8300","1700","6800","11799","2700","7999","12199","7600","25300","51700","4100","5199","800","22800","14600","198799","5600","22100","39500","10500","38100","63500","5899","41300","204100","59700","76500","501000","8599","52500","240800"
"Oklahoma","2014","309286","468547","440824","2415450","5.5","9.98","3.97","1700","4400","9600","2.26","10.89","6.04","6.14","36.3","23.68","0.97","4.54","2.77","14.09","21.77","1.94","10.66","5.34","36.21","30.62","42.02","10.99","57.62","51.75","2.91","6.12","1.53","3.88","7.71","3.02","0.32","2.95","0.66","1.62","3.86","1.12","2.59","5.67","1.24","8.08","19.28","6.46","5.17","3.18","0.12","25.54","15.2","31.01","5.5","15.43","4.6","11.64","27.45","7.49","7.44","36.07","28.4","62.4","61.93","66.94","10.99","45.37","34.57","699","4800","14600","1899","16000","57200","300","2000","6700","6600","10200","600","4700","12900","11199","13499","101500","3400","25400","125000","900","2700","3700","1200","3399","7300","100","1300","1600","500","1699","2699","800","2500","3000","2500","8500","15600","1600","1400","300","7900","6700","74900","1700","6799","11100","3600","12099","18100","2300","15900","68600","19300","27300","161699","3400","20000","83500"
"Oregon","2014","293574","442400","422904","2637760","5.11","8.99","3.98","1500","3800","10500","3.41","13.24","6.33","7.49","38.78","21.04","1.02","5.91","2.99","16.95","26.45","3.07","12.53","5.88","33.04","27.43","38.74","12.94","61.48","61.23","4.43","7.57","2.05","3.75","6.62","3.07","0.68","5.91","1.48","2.04","5.68","1.48","4.09","7.09","1.82","12.6","25.54","12.06","5.79","4.02","0.15","17.71","8.51","19.18","10.22","24.36","10.69","18.05","37.12","16.64","6.13","27.67","19.9","63.7","64.32","71.95","8.52","34.52","25.78","1000","5600","16700","2200","16400","55500","300","2500","7900","7500","11700","899","5299","15500","9700","11599","102199","3800","26000","161500","1299","3200","5400","1100","2800","8100","200","2500","3899","600","2400","3899","1200","3000","4800","3700","10800","31800","1700","1700","400","5199","3600","50600","3000","10300","28200","5300","15700","43900","1799","11700","52500","18700","27200","189800","2500","14599","68000"
"Pennsylvania","2014","966423","1506395","1401745","8509364","4.35","8.63","3.08","4200","12100","26199","2.59","13.84","5.86","6.73","42.02","23.39","0.93","5.21","2.59","16.06","25.49","2.48","12.77","5.65","36.63","27.04","38.02","12.52","63.56","60.73","2.9","7.49","1.93","2.9","6.56","2.63","0.52","4.14","1.21","1.76","5.49","1.47","2.69","6.28","1.62","8.69","21.9","7.1","4.66","3.85","0.12","25.04","12.77","28.77","6.83","19.12","5.34","12.0","31.75","8.27","6.42","32.25","22.6","61.36","61.99","70.82","8.9","39.81","27.18","2500","19400","49900","6500","58900","199000","899","7299","22000","24199","38400","2400","17900","48100","35400","37900","323500","12100","89100","516799","2800","10500","16400","2800","9200","22400","500","5800","10300","1700","7699","12500","2600","8800","13800","8400","30700","60400","4500","5400","1000","24200","17900","244800","6600","26799","45400","11600","44499","70400","6199","45200","192300","59299","86900","602600","8600","55800","231300"
"Rhode Island","2014","80370","134188","129420","691985","3.73","8.5","3.32","300","1100","2300","2.49","16.23","6.65","4.98","43.27","23.84","1.24","6.95","3.32","19.38","31.3","2.49","15.45","5.92","36.08","29.36","39.45","12.44","66.45","61.42","3.73","8.5","2.46","3.73","6.95","3.03","0.0","6.18","1.45","2.49","5.41","1.59","3.73","6.95","2.02","11.2","31.68","11.71","4.98","4.64","0.14","17.42","9.27","23.7","9.95","29.36","9.97","16.18","44.82","14.45","4.98","28.59","20.38","62.21","71.86","75.58","6.22","35.54","23.99","199","2100","4600","399","5600","16500","99","900","2300","2600","4200","199","1999","4100","2900","3800","27300","1000","8600","42500","300","1100","1700","300","900","2100","0","800","1000","199","700","1100","300","900","1399","900","4100","8100","399","600","100","1400","1200","16400","799","3800","6900","1300","5800","10000","399","3700","14100","5000","9300","52300","500","4600","16600"
"South Carolina","2014","366466","561637","533981","3108182","5.18","7.87","2.9","1900","4200","9000","2.46","10.3","5.47","5.46","35.21","21.43","0.82","5.24","2.77","11.93","19.05","2.46","9.93","5.41","40.93","35.21","43.85","9.55","57.12","50.58","3.27","6.55","1.77","3.82","5.06","2.28","0.27","2.81","0.93","1.91","4.87","1.35","3.0","6.18","1.45","9.0","17.79","6.18","5.46","3.56","0.13","27.29","16.85","32.59","6.0","16.48","4.86","12.28","27.9","8.53","5.18","31.65","24.77","63.58","61.05","65.83","7.64","38.39","29.41","900","5500","17000","2000","18800","66600","300","2800","8600","6700","10700","900","5300","16800","15000","18800","136300","3500","30500","157200","1200","3500","5500","1400","2700","7100","100","1499","2900","700","2600","4200","1100","3300","4500","3300","9500","19200","2000","1900","400","10000","9000","101300","2200","8799","15099","4500","14900","26500","1900","16900","77000","23300","32600","204600","2800","20500","91400"
"South Dakota","2014","66778","103912","94707","533380","4.49","7.39","2.62","300","700","1400","2.99","14.78","6.75","5.99","44.35","24.37","1.5","6.34","3.0","18.28","25.02","2.99","13.73","6.19","35.94","28.51","35.43","8.98","63.35","58.87","2.99","6.34","1.31","2.99","5.28","1.69","0.0","2.11","0.75","1.5","4.22","0.94","2.99","5.28","1.12","5.99","13.73","4.31","4.49","4.22","0.19","25.46","14.78","28.87","4.49","12.67","3.19","10.48","24.29","6.19","7.49","31.68","23.06","65.89","62.3","66.37","10.48","41.18","27.94","200","1400","3599","400","4200","13000","100","599","1600","1899","2600","200","1300","3300","2400","2700","18900","600","5999","31400","200","599","700","200","500","899","0","200","400","100","400","500","200","500","600","400","1300","2300","300","400","100","1700","1400","15399","300","1199","1700","700","2300","3300","500","2999","12300","4400","5900","35400","700","3900","14900"
"Tennessee","2014","507899","763886","718466","4230989","4.53","8.07","3.12","2300","5800","13200","2.56","11.27","4.73","5.12","30.34","17.28","0.98","4.59","2.32","11.52","18.59","2.36","11.27","4.66","37.8","32.85","47.1","9.25","51.64","45.28","3.35","5.71","1.58","2.95","6.26","2.17","0.39","3.2","0.83","1.77","4.04","1.3","2.95","5.71","1.42","7.48","16.42","5.6","3.94","3.34","0.09","25.4","15.17","31.86","5.71","14.34","4.02","11.62","24.91","7.61","6.5","31.87","23.12","63.2","61.66","68.07","9.84","40.92","29.64","1300","8100","20000","2600","21800","73100","500","3300","9800","8800","14200","1200","8100","19700","19200","23600","199300","4700","37100","191600","1700","4100","6700","1500","4500","9200","200","2299","3500","900","2900","5500","1500","4100","6000","3800","11800","23700","2000","2399","400","12900","10900","134800","2899","10300","16999","5900","17900","32199","3299","22900","97800","32100","44300","288000","4999","29400","125400"
"Texas","2014","2331222","3457036","3116665","16239518","4.76","7.64","2.98","11100","23800","48400","2.83","11.2","6.04","5.79","33.27","22.23","1.07","4.94","2.76","12.7","21.03","2.7","11.1","5.84","40.67","37.19","43.87","10.81","54.19","50.51","3.35","5.23","1.38","3.6","5.23","2.11","0.6","3.56","0.98","1.72","3.56","1.05","3.26","5.1","1.27","8.36","16.78","5.61","4.42","3.37","0.12","26.47","20.02","37.42","6.09","14.53","4.18","10.77","24.39","6.35","4.29","27.66","20.83","65.16","65.94","71.82","5.88","32.86","24.21","6599","34899","98100","13500","103700","361000","2500","15400","44800","43900","72700","6300","34600","94900","94800","115900","712500","25200","168900","820200","7800","16300","22400","8400","16300","34300","1400","11100","15900","3999","11100","17100","7600","15900","20600","19500","52300","91100","10300","10500","1900","61700","62400","607700","14200","45300","67900","25100","76000","103200","10000","86200","338300","151900","205500","1166400","13700","102400","393100"
"Utah","2014","282870","414529","377885","1612586","4.24","6.88","3.16","1200","2600","5100","2.47","11.11","4.65","5.3","25.67","15.57","1.06","4.76","2.48","10.86","13.75","2.47","9.53","4.65","46.31","36.25","46.2","6.72","35.99","35.47","3.54","6.09","1.74","2.83","5.29","2.42","0.35","3.18","0.74","1.77","3.97","1.36","3.54","5.56","1.49","7.07","14.29","5.77","3.89","3.18","0.12","32.52","18.52","33.73","5.3","11.38","4.28","10.25","22.23","6.88","4.6","20.64","16.37","71.06","69.6","75.41","5.3","23.29","18.67","700","4200","7500","1500","9700","25100","300","1800","4000","4500","5700","700","3600","7500","13100","13700","74500","1900","13600","57199","1000","2300","2800","800","1999","3900","100","1200","1200","500","1500","2200","1000","2100","2400","2000","5399","9300","1100","1200","200","9199","7000","54400","1500","4300","6900","2900","8400","11100","1300","7800","26400","20100","26300","121600","1500","8800","30100"
"Vermont","2014","46971","80358","72105","422866","4.26","8.32","2.6","200","600","1100","4.26","15.26","6.15","6.39","48.54","21.05","2.13","6.93","3.07","17.42","26.13","2.13","13.87","5.68","29.81","24.96","39.97","12.77","73.5","64.56","4.26","9.71","2.13","2.13","8.32","2.84","0.0","6.93","1.42","2.13","8.32","1.42","2.13","8.32","1.66","12.77","33.28","11.59","4.26","4.16","0.24","17.03","6.93","20.57","10.64","31.9","10.41","17.03","47.15","15.61","6.39","33.28","20.81","63.87","67.96","74.26","8.52","41.61","25.07","200","1100","2600","300","3500","8900","100","500","1300","1399","2099","100","1000","2400","1400","1800","16900","600","5300","27300","200","700","900","100","600","1200","0","500","600","100","600","600","100","600","700","600","2400","4900","200","300","100","800","500","8700","500","2300","4400","800","3400","6600","300","2400","8800","3000","4900","31400","400","3000","10600"
"Virginia","2014","632026","973831","915634","5321589","4.75","9.06","3.76","3000","8300","20000","2.69","14.85","6.22","5.7","40.3","22.06","0.95","6.55","2.99","12.94","20.95","2.53","14.2","5.96","40.19","30.91","42.68","11.08","60.72","56.02","2.85","7.1","1.65","3.01","5.35","2.37","0.47","3.71","1.33","1.74","4.59","1.26","2.69","6.44","1.47","7.28","19.44","6.37","4.27","4.26","0.13","24.21","12.34","27.3","5.85","17.47","5.11","12.5","31.67","9.83","4.9","29.82","23.3","66.14","63.78","72.63","7.59","36.7","28.17","1700","13599","33100","3600","36900","117400","600","5999","15900","12600","20400","1600","13000","31699","25400","28300","227099","7000","55600","298100","1800","6500","8800","1899","4900","12600","300","3399","7100","1100","4200","6700","1700","5900","7800","4600","17800","33899","2700","3899","700","15300","11300","145300","3700","16000","27200","7900","29000","52300","3100","27300","124000","41800","58400","386500","4800","33600","149900"
"Washington","2014","531166","791798","768998","4553022","5.27","8.19","3.69","2800","6300","16800","2.82","12.22","6.0","5.65","34.33","19.61","1.13","5.2","2.64","15.79","25.39","2.64","12.09","5.45","36.9","27.7","40.9","10.35","56.96","58.05","3.77","6.76","1.91","3.39","7.41","3.32","0.75","5.33","1.47","2.07","4.68","1.38","3.2","6.24","1.69","11.3","26.27","12.43","5.46","3.9","0.15","16.19","8.58","20.18","9.98","23.54","11.25","17.51","35.24","16.27","5.65","26.92","20.27","65.33","61.38","73.8","7.72","33.29","24.45","1499","9400","27300","2999","26400","89300","600","4000","12000","12500","20100","1400","9300","24800","19600","21300","186200","5500","43800","264300","2000","5200","8700","1800","5700","15100","400","4100","6700","1099","3600","6299","1700","4800","7700","5999","20200","56600","2900","3000","700","8600","6600","91900","5299","18100","51200","9300","27100","74100","2999","20700","92300","34700","47200","336000","4100","25600","111300"
"West Virginia","2014","131712","203056","191800","1252650","4.56","8.34","3.19","600","1599","4000","3.04","11.99","5.75","6.07","36.5","18.2","1.52","5.21","2.87","14.77","20.19","3.04","11.47","5.27","37.96","31.8","42.71","9.87","52.66","39.36","3.04","7.3","2.24","3.04","6.78","2.39","0.76","3.65","0.88","1.52","5.74","1.6","3.04","7.3","1.92","6.83","18.77","6.23","4.56","3.65","0.08","25.81","15.64","34.97","5.31","16.68","4.79","10.63","28.15","8.3","8.35","40.15","31.37","61.5","58.92","64.66","12.15","50.05","37.68","400","2300","7199","800","7000","22800","200","1000","3599","2999","4100","400","2200","6599","5000","6100","53500","1300","10100","49300","400","1399","2800","400","1300","3000","100","699","1100","200","1100","2000","400","1399","2400","900","3600","7799","600","699","100","3399","3000","43800","699","3199","6000","1399","5400","10400","1100","7700","39300","8100","11299","81000","1600","9600","47200"
"Wisconsin","2014","451641","701158","626978","3751932","4.87","8.45","3.04","2200","5300","11400","3.76","16.43","6.82","7.09","49.6","29.21","1.33","7.02","3.01","16.69","26.38","3.54","15.31","6.5","35.65","27.91","35.21","13.95","68.1","67.43","3.76","6.86","1.76","3.76","7.34","2.75","0.66","4.63","1.49","2.21","5.26","1.25","3.54","6.22","1.49","9.3","19.62","6.29","5.31","3.99","0.13","23.25","12.76","25.93","7.09","17.38","4.56","13.95","31.9","8.24","7.09","31.1","22.63","68.2","64.6","70.82","9.3","38.76","28.01","1700","10300","25600","3200","31100","109600","600","4400","11300","11700","18500","1600","9600","24399","16100","17500","132100","6300","42700","253000","1700","4300","6600","1700","4600","10300","300","2899","5600","1000","3299","4700","1600","3900","5600","4200","12300","23600","2400","2500","500","10500","8000","97300","3200","10900","17100","6300","20000","30900","3200","19500","84900","30800","40499","265700","4200","24300","105100"
"Wyoming","2014","44021","67756","66178","369383","4.54","7.56","2.44","199","499","899","4.54","13.6","6.77","6.81","42.31","24.09","2.27","6.04","3.25","14.76","22.14","2.27","13.6","6.5","36.35","27.2","40.61","11.36","61.95","59.83","4.54","6.04","1.35","2.27","4.53","1.62","0.0","3.02","0.81","2.27","4.53","1.08","2.27","4.53","1.35","6.81","16.62","5.14","4.54","3.02","0.0","24.99","12.09","28.7","6.81","15.11","4.6","11.36","27.2","7.85","9.09","31.73","25.18","61.33","58.93","69.03","11.36","42.31","31.95","199","900","2500","300","2800","8900","99","400","1200","999","1500","99","900","2400","1599","1800","15000","500","4100","22100","199","400","500","99","300","600","0","200","300","99","300","400","99","300","500","300","1100","1900","199","200","0","1100","800","10600","300","999","1700","500","1800","2900","399","2100","9300","2700","3900","25500","500","2800","11800"
